W,D_loc_mean,D_loc_std,gap_mean,gap_std
0.0,0.14883942066926542,0.0,0.021329410021323714,0.0
0.03,0.15494132665240834,0.019350989312512706,0.01576493552039386,0.0023281719569454335
0.06,0.17858351805075615,0.030798407857677904,0.011623541610101137,0.0053707514735183495
0.09,0.4498217102774513,0.49425982226686493,0.009075150798964135,0.0064745967785106474
