phase,M,gap_min,joint_max,edge2_min
topological,1.0,0.42687597882943185,0.01149631084867175,0.9505628314473649
trivial_control,5.0,0.15993938490020332,0.9059847212640957,0.18892000022694594
