model,local_weight,joint_max,gap_min
SSH_trivial,0.02149295261980314,0.0939103974904026,0.03256674570616386
BBH_trivial,0.25098809318541915,0.11766006172016015,0.33160436434250573
